{"cameraMode":{"drawMode":0,"name":"Shaded","section":"Shading Mode"},"sceneLighting":true,"audioPlay":false,"sceneViewState":{"showFog":true,"showMaterialUpdate":false,"showSkybox":true,"showFlares":true,"showImageEffects":true,"showParticleSystems":true,"showVisualEffectGraphs":true,"m_FxEnabled":true},"in2DMode":false,"pivot":{"x":0.05314309895038605,"y":-0.3008127212524414,"z":-22.54682159423828},"rotation":{"x":0.0029684975743293764,"y":-0.96144038438797,"z":0.2748003900051117,"w":0.01037975400686264},"size":36.901607513427737,"orthographic":true}