{"cameraMode":{"drawMode":0,"name":"Shaded","section":"Shading Mode"},"sceneLighting":true,"audioPlay":false,"sceneViewState":{"showFog":true,"showMaterialUpdate":false,"showSkybox":true,"showFlares":true,"showImageEffects":true,"showParticleSystems":true,"showVisualEffectGraphs":true,"m_FxEnabled":true},"in2DMode":false,"pivot":{"x":0.5005724430084229,"y":7.407419204711914,"z":6.136754989624023},"rotation":{"x":0.029060332104563714,"y":-0.8806962966918945,"z":0.46963804960250857,"w":0.05449211597442627},"size":15.628731727600098,"orthographic":true}